Workbook

Sheet TeilnehmerInnen
B2: ID | C2: TeilnehmerInnen kleinere Gruppe Für Darstellung in Tabelle besser Kurzform/Spitzname verwenden | E2: ID | F2: TeilnehmerInnen größere Gruppe Für Darstellung in Tabelle besser Kurzform/Spitzname verwenden
B3: 1 | C3: Chris | E3: 1 | F3: Adriana
B4: 2 | C4: Ema | E4: 2 | F4: Alicia
B5: 3 | C5: Evi | E5: 3 | F5: Aurora
B6: 4 | C6: Jeronymo | E6: 4 | F6: Elena
B7: 5 | C7: Jerry | E7: 5 | F7: Ella
B8: 6 | C8: Julian M. | E8: 6 | F8: Laura
B9: 7 | C9: Julian S. | E9: 7 | F9: Linda
B10: 8 | C10: Luke | E10: 8 | F10: Marla
B11: 9 | C11: Meji | E11: 9 | F11: Michelle
B12: 10 | C12: Noel | E12: 10 | F12: Tiziana
E13: 11* | F13: Tonia | G13: * Hier muss NachzüglerIn stehen!
E15: ja | F15: Person 11 ist zusätzliches Match
B17: Nur orangene Felder beschreiben (grün wenn befüllt). Die größere Gruppe ist die, zu der später noch ein/e NachzüglerIn kommt
B18: Falls NachzüglerIn als zusätzliches Match bekannt ist, unbedingt bei ID 11 eintragen und Kästchen auf "ja" setzen
B20: ja
B21: nein

Sheet Matchboxen
B2: Matchbox Entscheidungen | AD2: Auswahl:
B3: Nr | C3: KandidatIn A | D3: KandidatIn B | E3: Match | G3: Uniqe | I3: optional Anmerkungen (nicht ausgewertet) | AD3: ja
B4: 1 | C4: Evi | D4: Tiziana | E4: nein | I4: Matchbox Folge 2/3 | AD4: nein
B5: 2 | C5: Julian S. | D5: Linda | E5: nein | I5: Matchbox Folge 4/5 (Folge 6/7 verkauft)
B6: 3 | C6: Julian M. | D6: Marla | E6: ja | I6: Matchbox Folge 8/9 (Folge 10/11 verkauft)
B7: 4 | C7: Chris | D7: Aurora | E7: nein | I7: Matchbox Folge 12/13
B8: 5 | C8: Noel | D8: Tonia | E8: ja | I8: Folge 14/15
B9: 6 | C9: Ema | D9: Michelle | E9: nein
B10: 7
B11: 8
B12: 9
B13: 10
B14: 11
B15: 12
B16: 13
B17: 14
B18: 15
B19: 16
B20: 17
B21: 18
... B23: 20
B25: Matchbox doppeltes Match
E26: Eintragen, wenn doppeltes Match einseitig bekannt
B28: Hier die Ergebnisse der bis zu 10 Matchboxen eintragen. Spalte KandidatInA&B sowie Match sind Pflicht, Unique optional für Auswertung (nur bei Match relevant)
B29: In Spalte Unique angeben, ob beide MatchpartnerInnen nur dieses (einzigartige) Match haben. Dann werden NoMatches automatisch für den Rest übernommen
B30: Falls ein Doppelmatch gefunden wird, muss Unique auf nein gesetzt werden (alle weiteren NoMatches können manuell ergänzt werden, müssen aber nicht)
B32: In "doppeltes Match" eintragen, wenn über zusätzliche Aktion bekannt ist, welche zwei Personen das doppelte Match sind (gleiches Geschlecht).
B33: Nur eintragen, wenn nicht PartnerIn des anderen Geschlechts nicht bekannt ist. Sonst einfach über 2 Matches oben eintragen

Sheet MatchingNights
B2: MatchingNights
C5: 1 | D5: =TeilnehmerInnen!$C$3 -> Chris | E5: =TeilnehmerInnen!$C$4 -> Ema | F5: =TeilnehmerInnen!$C$5 -> Evi | G5: =TeilnehmerInnen!$C$6 -> Jeronymo | H5: =TeilnehmerInnen!$C$7 -> Jerry | I5: =TeilnehmerInnen!$C$8 -> Julian M. | J5: =TeilnehmerInnen!$C$9 -> Julian S. | K5: =TeilnehmerInnen!$C$10 -> Luke | L5: =TeilnehmerInnen!$C$11 -> Meji | M5: =TeilnehmerInnen!$C$12 -> Noel | O5: Matches
D6: Linda | E6: Michelle | F6: Laura | G6: Tiziana | H6: Elena | I6: Adriana | J6: Aurora | K6: Marla | L6: Ella | M6: Tonia | O6: 3
C10: 2 | D10: =TeilnehmerInnen!$C$3 -> Chris | E10: =TeilnehmerInnen!$C$4 -> Ema | F10: =TeilnehmerInnen!$C$5 -> Evi | G10: =TeilnehmerInnen!$C$6 -> Jeronymo | H10: =TeilnehmerInnen!$C$7 -> Jerry | I10: =TeilnehmerInnen!$C$8 -> Julian M. | J10: =TeilnehmerInnen!$C$9 -> Julian S. | K10: =TeilnehmerInnen!$C$10 -> Luke | L10: =TeilnehmerInnen!$C$11 -> Meji | M10: =TeilnehmerInnen!$C$12 -> Noel | O10: Matches
D11: Tonia | E11: Ella | F11: Laura | G11: Tiziana | H11: Michelle | I11: Alicia | J11: Adriana | K11: Marla | L11: Elena | M11: Linda | O11: 2
C15: 3 | D15: =TeilnehmerInnen!$C$3 -> Chris | E15: =TeilnehmerInnen!$C$4 -> Ema | F15: =TeilnehmerInnen!$C$5 -> Evi | G15: =TeilnehmerInnen!$C$6 -> Jeronymo | H15: =TeilnehmerInnen!$C$7 -> Jerry | I15: =TeilnehmerInnen!$C$8 -> Julian M. | J15: =TeilnehmerInnen!$C$9 -> Julian S. | K15: =TeilnehmerInnen!$C$10 -> Luke | L15: =TeilnehmerInnen!$C$11 -> Meji | M15: =TeilnehmerInnen!$C$12 -> Noel | O15: Matches
D16: Linda | E16: Michelle | F16: Laura | G16: Tiziana | H16: Aurora | I16: Adriana | J16: Alicia | K16: Marla | L16: Elena | M16: Tonia | O16: 2
C20: 4 | D20: =TeilnehmerInnen!$C$3 -> Chris | E20: =TeilnehmerInnen!$C$4 -> Ema | F20: =TeilnehmerInnen!$C$5 -> Evi | G20: =TeilnehmerInnen!$C$6 -> Jeronymo | H20: =TeilnehmerInnen!$C$7 -> Jerry | I20: =TeilnehmerInnen!$C$8 -> Julian M. | J20: =TeilnehmerInnen!$C$9 -> Julian S. | K20: =TeilnehmerInnen!$C$10 -> Luke | L20: =TeilnehmerInnen!$C$11 -> Meji | M20: =TeilnehmerInnen!$C$12 -> Noel | O20: Matches
D21: Linda | E21: Michelle | F21: Aurora | G21: Tiziana | H21: Elena | I21: Marla | J21: Adriana | K21: Laura | L21: Ella | M21: Tonia | O21: 5
C25: 5 | D25: =TeilnehmerInnen!$C$3 -> Chris | E25: =TeilnehmerInnen!$C$4 -> Ema | F25: =TeilnehmerInnen!$C$5 -> Evi | G25: =TeilnehmerInnen!$C$6 -> Jeronymo | H25: =TeilnehmerInnen!$C$7 -> Jerry | I25: =TeilnehmerInnen!$C$8 -> Julian M. | J25: =TeilnehmerInnen!$C$9 -> Julian S. | K25: =TeilnehmerInnen!$C$10 -> Luke | L25: =TeilnehmerInnen!$C$11 -> Meji | M25: =TeilnehmerInnen!$C$12 -> Noel | O25: Matches
D26: Ella | E26: Michelle | F26: Linda | G26: Laura | H26: Elena | I26: Marla | J26: Tiziana | K26: Adriana | L26: Aurora | M26: Tonia | O26: 4
C30: 6 | D30: =TeilnehmerInnen!$C$3 -> Chris | E30: =TeilnehmerInnen!$C$4 -> Ema | F30: =TeilnehmerInnen!$C$5 -> Evi | G30: =TeilnehmerInnen!$C$6 -> Jeronymo | H30: =TeilnehmerInnen!$C$7 -> Jerry | I30: =TeilnehmerInnen!$C$8 -> Julian M. | J30: =TeilnehmerInnen!$C$9 -> Julian S. | K30: =TeilnehmerInnen!$C$10 -> Luke | L30: =TeilnehmerInnen!$C$11 -> Meji | M30: =TeilnehmerInnen!$C$12 -> Noel | O30: Matches
D31: Linda | E31: Michelle | F31: Aurora | G31: Tiziana | H31: Laura | I31: Marla | J31: Adriana | K31: Elena | L31: Ella | M31: Tonia | O31: 4
C35: 7 | D35: =TeilnehmerInnen!$C$3 -> Chris | E35: =TeilnehmerInnen!$C$4 -> Ema | F35: =TeilnehmerInnen!$C$5 -> Evi | G35: =TeilnehmerInnen!$C$6 -> Jeronymo | H35: =TeilnehmerInnen!$C$7 -> Jerry | I35: =TeilnehmerInnen!$C$8 -> Julian M. | J35: =TeilnehmerInnen!$C$9 -> Julian S. | K35: =TeilnehmerInnen!$C$10 -> Luke | L35: =TeilnehmerInnen!$C$11 -> Meji | M35: =TeilnehmerInnen!$C$12 -> Noel | O35: Matches
D36: Linda | E36: Aurora | F36: Michelle | G36: Tiziana | H36: Elena | I36: Marla | J36: Adriana | K36: Laura | L36: Ella | M36: Tonia | O36: 5
C40: 8 | D40: =TeilnehmerInnen!$C$3 -> Chris | E40: =TeilnehmerInnen!$C$4 -> Ema | F40: =TeilnehmerInnen!$C$5 -> Evi | G40: =TeilnehmerInnen!$C$6 -> Jeronymo | H40: =TeilnehmerInnen!$C$7 -> Jerry | I40: =TeilnehmerInnen!$C$8 -> Julian M. | J40: =TeilnehmerInnen!$C$9 -> Julian S. | K40: =TeilnehmerInnen!$C$10 -> Luke | L40: =TeilnehmerInnen!$C$11 -> Meji | M40: =TeilnehmerInnen!$C$12 -> Noel | O40: Matches
D41: Tiziana | E41: Linda | F41: Aurora | G41: Michelle | H41: Elena | I41: Marla | J41: Laura | K41: Adriana | L41: Ella | M41: Tonia | O41: 3
C45: 9 | D45: =TeilnehmerInnen!$C$3 -> Chris | E45: =TeilnehmerInnen!$C$4 -> Ema | F45: =TeilnehmerInnen!$C$5 -> Evi | G45: =TeilnehmerInnen!$C$6 -> Jeronymo | H45: =TeilnehmerInnen!$C$7 -> Jerry | I45: =TeilnehmerInnen!$C$8 -> Julian M. | J45: =TeilnehmerInnen!$C$9 -> Julian S. | K45: =TeilnehmerInnen!$C$10 -> Luke | L45: =TeilnehmerInnen!$C$11 -> Meji | M45: =TeilnehmerInnen!$C$12 -> Noel | O45: Matches
C50: 10 | D50: =TeilnehmerInnen!$C$3 -> Chris | E50: =TeilnehmerInnen!$C$4 -> Ema | F50: =TeilnehmerInnen!$C$5 -> Evi | G50: =TeilnehmerInnen!$C$6 -> Jeronymo | H50: =TeilnehmerInnen!$C$7 -> Jerry | I50: =TeilnehmerInnen!$C$8 -> Julian M. | J50: =TeilnehmerInnen!$C$9 -> Julian S. | K50: =TeilnehmerInnen!$C$10 -> Luke | L50: =TeilnehmerInnen!$C$11 -> Meji | M50: =TeilnehmerInnen!$C$12 -> Noel | O50: Matches
B54: Hier die Paarungen und Anzahl der korrekten Matches der bis zu 10 MatchingNights eintragen. Zeile komplett befüllen oder komplett leer lassen. Fallen Nächte aus, die vorherige Nacht 1zu1 kopieren
B55: Nicht mehr benötigte Nächte können gelöscht werden, bei Anzahl der Matches kann ein doppeltes Löschen der Zeile nötig sein, um Anzeige auf neutral zu setzen

Sheet Sonstiges
A1: Passwort zum Entsperren der Seiten: "ayto" (nicht empfohlen!)
